variable,eta_squared
ReplacReminder,0.5982624319604698
ProdReturn,0.38134229180099183
ProInsuCov,0.23749603183179085
CusChoice,0.1375363987712705
ConstUp,0.06878127030472626
