variable,eta_squared
CusAgeYr,0.22762381631845804
LevIncome,0.08778914641329291
CusAcct,0.06618475742027935
CusGen,0.007443201063138531
LevEdn,0.0012120807691560177
